"","x"
"HR_a0",0.995314569713886
"MSE_a0",0.0133328810279701
"lower_a0",0.802969809504998
"upper_a0",1.2337377960379
"CI_width_a0",0.430767986532905
"CI_a0",0.937649880095923
"power_a0",0.0359712230215827
"se_a0",NA
"age_a0",NA
"sex2_a0",NA
"HR_0",1.01090826191784
"MSE_0",0.0162351592588116
"lower_0",0.793973655592077
"upper_0",1.28711749174793
"CI_width_0",0.493143836155858
"CI_0",0.935251798561151
"power_0",0.026378896882494
"se_0",NA
"age_0",NA
"sex2_0",NA
"HR_0.25",1.06116038418626
"MSE_0.25",0.0183786005137622
"lower_0.25",0.846934069510345
"upper_0.25",1.32957609778887
"CI_width_0.25",0.482642028278524
"CI_0.25",0.930455635491607
"power_0.25",0.00959232613908873
"se_0.25",NA
"age_0.25",NA
"sex2_0.25",NA
"HR_0.5",1.0923813112859
"MSE_0.5",0.024134604640793
"lower_0.5",0.881680013545182
"upper_0.5",1.35343857597622
"CI_width_0.5",0.471758562431034
"CI_0.5",0.887290167865707
"power_0.5",0.00239808153477218
"se_0.5",NA
"age_0.5",NA
"sex2_0.5",NA
"HR_0.75",1.11351455535812
"MSE_0.75",0.0299833431351135
"lower_0.75",0.90630551267084
"upper_0.75",1.36810200574316
"CI_width_0.75",0.461796493072318
"CI_0.75",0.820143884892086
"power_0.75",0.00479616306954436
"se_0.75",NA
"age_0.75",NA
"sex2_0.75",NA
"HR_1",1.1286499306186
"MSE_1",0.0351700844451119
"lower_1",0.924669764314594
"upper_1",1.37763254684619
"CI_width_1",0.452962782531592
"CI_1",0.774580335731415
"power_1",0.00239808153477218
"se_1",NA
"age_1",NA
"sex2_1",NA
"HR_f",NA
"MSE_f",NA
"lower_f",NA
"upper_f",NA
"CI_width_f",NA
"CI_f",NA
"power_f",NA
"se_f",NA
"age_f",NA
"sex2_f",NA
"HR_iptw",1.10945928229393
"MSE_iptw",0.0285307559620138
"lower_iptw",0.885611984491025
"upper_iptw",1.39000341885212
"CI_width_iptw",0.504391434361094
"CI_iptw",0.853717026378897
"power_iptw",0.00479616306954436
"se_iptw",NA
"age_iptw",0.0127507945438075
"sex2_iptw",0.0699878259480646
"HR_cox",1.01124779220951
"MSE_cox",0.0168444745192237
"lower_cox",0.792891413527028
"upper_cox",1.28974167067837
"CI_width_cox",0.496850257151337
"CI_cox",0.942446043165468
"power_cox",0.026378896882494
"se_cox",NA
"age_cox",0.00921286349146809
"sex2_cox",0.236169250426689
"HR_com_cauchy",NA
"MSE_com_cauchy",NA
"lower_com_cauchy",NA
"upper_com_cauchy",NA
"CI_width_com_cauchy",NA
"CI_com_cauchy",NA
"power_com_cauchy",NA
"se_com_cauchy",NA
"age_com_cauchy",NA
"sex2_com_cauchy",NA
"HR_com_a0",NA
"MSE_com_a0",NA
"lower_com_a0",NA
"upper_com_a0",NA
"CI_width_com_a0",NA
"CI_com_a0",NA
"power_com_a0",NA
"se_com_a0",NA
"age_com_a0",NA
"sex2_com_a0",NA
"HR_a0_v1",0.968488681447937
"MSE_a0_v1",0.0141271984970697
"lower_a0_v1",0.784388686527825
"upper_a0_v1",1.19580261670738
"CI_width_a0_v1",0.411413930179554
"CI_a0_v1",0.916306954436451
"power_a0_v1",0.0640287769784173
"se_a0_v1",NA
"age_a0_v1",NA
"sex2_a0_v1",NA
"SE_a0",0.109564842469705
"a0_logHR",-0.0113110190672625
"bias_a0",NA
"scale",-0.732408192445406
"mean_a0",0.474039931466951
"a0_wt_ecog0",0.442574065050324
"a0_wt_ecog1",0.476542938906962
"a0_wt_ecogNA",0.477358128864219
"a0_wt_int1",0.50432295323741
"a0_wt_int2",0.423576091716088
"a0_mean_q0.1",0.0856425491606715
"a0_wt_int1_q0.1",0.13677476498801
"a0_wt_int2_q0.1",0.0472629520383693
"a0_mean_q0.25",0.231767697841727
"a0_wt_int1_q0.25",0.290297931654676
"a0_wt_int2_q0.25",0.155856085131894
"a0_mean_q0.5",0.474195755395683
"a0_wt_int1_q0.5",0.513043597122302
"a0_wt_int2_q0.5",0.392315431654676
"a0_mean_q0.75",0.705839142685851
"a0_wt_int1_q0.75",0.714162464028777
"a0_wt_int2_q0.75",0.672951978417266
"a0_mean_q0.9",0.864783251798561
"a0_wt_int1_q0.9",0.859922669064748
"a0_wt_int2_q0.9",0.852367244604317
"a0_wts_0_1",0.50336498501199
"a0_wts_1_1",0.503775118305356
"a0_wts_2_1",0.504711643459426
"a0_wts_0_2",0.335953576595866
"a0_wts_1_2",0.430548542481704
"a0_wts_2_2",0.431275287472763
"nu_trt",200
"nu_ctrl",100
"nu_h",96.673860911271
"T1E",1
"a0_wt_obs",0.47886370167374
"a0_wt_cen",0.460157396861673
"HR_e0.15_t_0.975",1.02345795710919
"MSE_e0.15_t_0.975",0.0167927113358199
"lower_e0.15_t_0.975",0.810205681435468
"upper_e0.15_t_0.975",1.29299709499741
"CI_width_e0.15_t_0.975",0.482791413561944
"CI_e0.15_t_0.975",0.930455635491607
"power_e0.15_t_0.975",0.0239808153477218
"se_e0.15_t_0.975",NA
"age_e0.15_t_0.975",NA
"sex2_e0.15_t_0.975",NA
"HR_e0.20_t_0.975",1.02233653940108
"MSE_e0.20_t_0.975",0.0166077418884473
"lower_e0.20_t_0.975",0.809313778874435
"upper_e0.20_t_0.975",1.29158728366241
"CI_width_e0.20_t_0.975",0.482273504787972
"CI_e0.20_t_0.975",0.930455635491607
"power_e0.20_t_0.975",0.026378896882494
"se_e0.20_t_0.975",NA
"age_e0.20_t_0.975",NA
"sex2_e0.20_t_0.975",NA
"HR_e0.25_t_0.975",1.02121123320969
"MSE_e0.25_t_0.975",0.0164323855740001
"lower_e0.25_t_0.975",0.808418362632283
"upper_e0.25_t_0.975",1.29017323620797
"CI_width_e0.25_t_0.975",0.481754873575691
"CI_e0.25_t_0.975",0.930455635491607
"power_e0.25_t_0.975",0.026378896882494
"se_e0.25_t_0.975",NA
"age_e0.25_t_0.975",NA
"sex2_e0.25_t_0.975",NA
"HR_e0.30_t_0.975",1.02008191310205
"MSE_e0.30_t_0.975",0.0162667397892085
"lower_e0.30_t_0.975",0.807519324852753
"upper_e0.30_t_0.975",1.28875480728611
"CI_width_e0.30_t_0.975",0.481235482433354
"CI_e0.30_t_0.975",0.935251798561151
"power_e0.30_t_0.975",0.026378896882494
"se_e0.30_t_0.975",NA
"age_e0.30_t_0.975",NA
"sex2_e0.30_t_0.975",NA
"HR_e0.35_t_0.975",1.0189484487202
"MSE_e0.35_t_0.975",0.0161109076723158
"lower_e0.35_t_0.975",0.806616553314267
"upper_e0.35_t_0.975",1.28733184605031
"CI_width_e0.35_t_0.975",0.48071529273604
"CI_e0.35_t_0.975",0.935251798561151
"power_e0.35_t_0.975",0.026378896882494
"se_e0.35_t_0.975",NA
"age_e0.35_t_0.975",NA
"sex2_e0.35_t_0.975",NA
"HR_e0.40_t_0.975",1.01781070444067
"MSE_e0.40_t_0.975",0.0159649984437957
"lower_e0.40_t_0.975",0.805709931122846
"upper_e0.40_t_0.975",1.28590419578381
"CI_width_e0.40_t_0.975",0.480194264660963
"CI_e0.40_t_0.975",0.935251798561151
"power_e0.40_t_0.975",0.026378896882494
"se_e0.40_t_0.975",NA
"age_e0.40_t_0.975",NA
"sex2_e0.40_t_0.975",NA
"HR_e0.15_t_0.950",1.03741912695826
"MSE_e0.15_t_0.950",0.017860082282703
"lower_e0.15_t_0.950",0.826474084568232
"upper_e0.15_t_0.950",1.30240387233401
"CI_width_e0.15_t_0.950",0.475929787765775
"CI_e0.15_t_0.950",0.920863309352518
"power_e0.15_t_0.950",0.0143884892086331
"se_e0.15_t_0.950",NA
"age_e0.15_t_0.950",NA
"sex2_e0.15_t_0.950",NA
"HR_e0.20_t_0.950",1.03529560816296
"MSE_e0.20_t_0.950",0.0174770537751562
"lower_e0.20_t_0.950",0.824775017268439
"upper_e0.20_t_0.950",1.2997500004876
"CI_width_e0.20_t_0.950",0.474974983219161
"CI_e0.20_t_0.950",0.925659472422062
"power_e0.20_t_0.950",0.0167865707434053
"se_e0.20_t_0.950",NA
"age_e0.20_t_0.950",NA
"sex2_e0.20_t_0.950",NA
"HR_e0.25_t_0.950",1.03316302435045
"MSE_e0.25_t_0.950",0.0171142428115956
"lower_e0.25_t_0.950",0.823067942147053
"upper_e0.25_t_0.950",1.29708596609691
"CI_width_e0.25_t_0.950",0.474018023949861
"CI_e0.25_t_0.950",0.92326139088729
"power_e0.25_t_0.950",0.0215827338129496
"se_e0.25_t_0.950",NA
"age_e0.25_t_0.950",NA
"sex2_e0.25_t_0.950",NA
"HR_e0.30_t_0.950",1.03102108872299
"MSE_e0.30_t_0.950",0.0167719061716591
"lower_e0.30_t_0.950",0.821352612314875
"upper_e0.30_t_0.950",1.29441143737281
"CI_width_e0.30_t_0.950",0.47305882505793
"CI_e0.30_t_0.950",0.928057553956835
"power_e0.30_t_0.950",0.0215827338129496
"se_e0.30_t_0.950",NA
"age_e0.30_t_0.950",NA
"sex2_e0.30_t_0.950",NA
"HR_e0.35_t_0.950",1.02886950190212
"MSE_e0.35_t_0.950",0.0164503155397412
"lower_e0.35_t_0.950",0.819628769740018
"upper_e0.35_t_0.950",1.29172606846885
"CI_width_e0.35_t_0.950",0.472097298728827
"CI_e0.35_t_0.950",0.932853717026379
"power_e0.35_t_0.950",0.0215827338129496
"se_e0.35_t_0.950",NA
"age_e0.35_t_0.950",NA
"sex2_e0.35_t_0.950",NA
"HR_e0.40_t_0.950",1.02670795095583
"MSE_e0.40_t_0.950",0.0161497585197638
"lower_e0.40_t_0.950",0.817896144363319
"upper_e0.40_t_0.950",1.2890294984309
"CI_width_e0.40_t_0.950",0.47113335406758
"CI_e0.40_t_0.950",0.932853717026379
"power_e0.40_t_0.950",0.0215827338129496
"se_e0.40_t_0.950",NA
"age_e0.40_t_0.950",NA
"sex2_e0.40_t_0.950",NA
"HR_e0.15_t_0.925",1.05588604490274
"MSE_e0.15_t_0.925",0.020096615225198
"lower_e0.15_t_0.925",0.846480640309182
"upper_e0.15_t_0.925",1.31724028063042
"CI_width_e0.15_t_0.925",0.470759640321236
"CI_e0.15_t_0.925",0.908872901678657
"power_e0.15_t_0.925",0.0119904076738609
"se_e0.15_t_0.925",NA
"age_e0.15_t_0.925",NA
"sex2_e0.15_t_0.925",NA
"HR_e0.20_t_0.925",1.05258346790631
"MSE_e0.20_t_0.925",0.0194246452280993
"lower_e0.20_t_0.925",0.84382585245221
"upper_e0.20_t_0.925",1.31313197075623
"CI_width_e0.20_t_0.925",0.46930611830402
"CI_e0.20_t_0.925",0.916067146282974
"power_e0.20_t_0.925",0.0143884892086331
"se_e0.20_t_0.925",NA
"age_e0.20_t_0.925",NA
"sex2_e0.20_t_0.925",NA
"HR_e0.25_t_0.925",1.04926390227496
"MSE_e0.25_t_0.925",0.0187880841366734
"lower_e0.25_t_0.925",0.841156278309025
"upper_e0.25_t_0.925",1.30900427241821
"CI_width_e0.25_t_0.925",0.467847994109187
"CI_e0.25_t_0.925",0.911270983213429
"power_e0.25_t_0.925",0.0191846522781775
"se_e0.25_t_0.925",NA
"age_e0.25_t_0.925",NA
"sex2_e0.25_t_0.925",NA
"HR_e0.30_t_0.925",1.04592680339995
"MSE_e0.30_t_0.925",0.0181874654037503
"lower_e0.30_t_0.925",0.838471468145609
"upper_e0.30_t_0.925",1.30485652615827
"CI_width_e0.30_t_0.925",0.466385058012661
"CI_e0.30_t_0.925",0.918465227817746
"power_e0.30_t_0.925",0.0191846522781775
"se_e0.30_t_0.925",NA
"age_e0.30_t_0.925",NA
"sex2_e0.30_t_0.925",NA
"HR_e0.35_t_0.925",1.04257160045468
"MSE_e0.35_t_0.925",0.0176233531073806
"lower_e0.35_t_0.925",0.835770930770485
"upper_e0.35_t_0.925",1.30068807151801
"CI_width_e0.35_t_0.925",0.464917140747525
"CI_e0.35_t_0.925",0.920863309352518
"power_e0.35_t_0.925",0.0191846522781775
"se_e0.35_t_0.925",NA
"age_e0.35_t_0.925",NA
"sex2_e0.35_t_0.925",NA
"HR_e0.40_t_0.925",1.03919769427548
"MSE_e0.40_t_0.925",0.0170963441758268
"lower_e0.40_t_0.925",0.833054150017759
"upper_e0.40_t_0.925",1.29649821618997
"CI_width_e0.40_t_0.925",0.463444066172213
"CI_e0.40_t_0.925",0.920863309352518
"power_e0.40_t_0.925",0.0191846522781775
"se_e0.40_t_0.925",NA
"age_e0.40_t_0.925",NA
"sex2_e0.40_t_0.925",NA
"HR_e0.15_t_0.900",1.06782611828415
"MSE_e0.15_t_0.900",0.0210110733000804
"lower_e0.15_t_0.900",0.859513844242397
"upper_e0.15_t_0.900",1.3266988318489
"CI_width_e0.15_t_0.900",0.467184987606502
"CI_e0.15_t_0.900",0.90167865707434
"power_e0.15_t_0.900",0.00959232613908873
"se_e0.15_t_0.900",NA
"age_e0.15_t_0.900",NA
"sex2_e0.15_t_0.900",NA
"HR_e0.20_t_0.900",1.06380617239697
"MSE_e0.20_t_0.900",0.0201760791259395
"lower_e0.20_t_0.900",0.856272592008096
"upper_e0.20_t_0.900",1.32171312105194
"CI_width_e0.20_t_0.900",0.465440529043847
"CI_e0.20_t_0.900",0.906474820143885
"power_e0.20_t_0.900",0.0119904076738609
"se_e0.20_t_0.900",NA
"age_e0.20_t_0.900",NA
"sex2_e0.20_t_0.900",NA
"HR_e0.25_t_0.900",1.05976302194319
"MSE_e0.25_t_0.900",0.0193860613617525
"lower_e0.25_t_0.900",0.853011339822914
"upper_e0.25_t_0.900",1.31670062223751
"CI_width_e0.25_t_0.900",0.463689282414594
"CI_e0.25_t_0.900",0.904076738609113
"power_e0.25_t_0.900",0.0167865707434053
"se_e0.25_t_0.900",NA
"age_e0.25_t_0.900",NA
"sex2_e0.25_t_0.900",NA
"HR_e0.30_t_0.900",1.05569593094132
"MSE_e0.30_t_0.900",0.0186417870337933
"lower_e0.30_t_0.900",0.849729456128714
"upper_e0.30_t_0.900",1.31166048120697
"CI_width_e0.30_t_0.900",0.461931025078259
"CI_e0.30_t_0.900",0.913669064748201
"power_e0.30_t_0.900",0.0167865707434053
"se_e0.30_t_0.900",NA
"age_e0.30_t_0.900",NA
"sex2_e0.30_t_0.900",NA
"HR_e0.35_t_0.900",1.05160412654572
"MSE_e0.35_t_0.900",0.0179440673156533
"lower_e0.35_t_0.900",0.846426277053623
"upper_e0.35_t_0.900",1.30659180205499
"CI_width_e0.35_t_0.900",0.460165525001369
"CI_e0.35_t_0.900",0.920863309352518
"power_e0.35_t_0.900",0.0167865707434053
"se_e0.35_t_0.900",NA
"age_e0.35_t_0.900",NA
"sex2_e0.35_t_0.900",NA
"HR_e0.40_t_0.900",1.04748679597521
"MSE_e0.40_t_0.900",0.0172937608988771
"lower_e0.40_t_0.900",0.843101103661905
"upper_e0.40_t_0.900",1.30149364378637
"CI_width_e0.40_t_0.900",0.458392540124462
"CI_e0.40_t_0.900",0.920863309352518
"power_e0.40_t_0.900",0.0167865707434053
"se_e0.40_t_0.900",NA
"age_e0.40_t_0.900",NA
"sex2_e0.40_t_0.900",NA
"HR_e0.15_t_0.000",1.0786899092894
"MSE_e0.15_t_0.000",0.0210287762176809
"lower_e0.15_t_0.000",0.870616952615059
"upper_e0.15_t_0.000",1.33649418011107
"CI_width_e0.15_t_0.000",0.465877227496015
"CI_e0.15_t_0.000",0.906474820143885
"power_e0.15_t_0.000",0.00239808153477218
"se_e0.15_t_0.000",NA
"age_e0.15_t_0.000",NA
"sex2_e0.15_t_0.000",NA
"HR_e0.20_t_0.000",1.07406933597476
"MSE_e0.20_t_0.000",0.0200971122040043
"lower_e0.20_t_0.000",0.866880703704914
"upper_e0.20_t_0.000",1.33077993918159
"CI_width_e0.20_t_0.000",0.463899235476679
"CI_e0.20_t_0.000",0.911270983213429
"power_e0.20_t_0.000",0.00479616306954436
"se_e0.20_t_0.000",NA
"age_e0.20_t_0.000",NA
"sex2_e0.20_t_0.000",NA
"HR_e0.25_t_0.000",1.06941894047448
"MSE_e0.25_t_0.000",0.0192188529350216
"lower_e0.25_t_0.000",0.863118949589221
"upper_e0.25_t_0.000",1.32503096524452
"CI_width_e0.25_t_0.000",0.461912015655304
"CI_e0.25_t_0.000",0.908872901678657
"power_e0.25_t_0.000",0.00959232613908873
"se_e0.25_t_0.000",NA
"age_e0.25_t_0.000",NA
"sex2_e0.25_t_0.000",NA
"HR_e0.30_t_0.000",1.06473779865344
"MSE_e0.30_t_0.000",0.0183950365655084
"lower_e0.30_t_0.000",0.859330899176255
"upper_e0.30_t_0.000",1.31924618291507
"CI_width_e0.30_t_0.000",0.459915283738816
"CI_e0.30_t_0.000",0.918465227817746
"power_e0.30_t_0.000",0.00959232613908873
"se_e0.30_t_0.000",NA
"age_e0.30_t_0.000",NA
"sex2_e0.30_t_0.000",NA
"HR_e0.35_t_0.000",1.06002494000316
"MSE_e0.35_t_0.000",0.0176267592756839
"lower_e0.35_t_0.000",0.855515720865192
"upper_e0.35_t_0.000",1.31342446413524
"CI_width_e0.35_t_0.000",0.457908743270051
"CI_e0.35_t_0.000",0.925659472422062
"power_e0.35_t_0.000",0.00959232613908873
"se_e0.35_t_0.000",NA
"age_e0.35_t_0.000",NA
"sex2_e0.35_t_0.000",NA
"HR_e0.40_t_0.000",1.05527934383623
"MSE_e0.40_t_0.000",0.016915179677452
"lower_e0.40_t_0.000",0.851672539152874
"upper_e0.40_t_0.000",1.30756462396073
"CI_width_e0.40_t_0.000",0.455892084807859
"CI_e0.40_t_0.000",0.925659472422062
"power_e0.40_t_0.000",0.00959232613908873
"se_e0.40_t_0.000",NA
"age_e0.40_t_0.000",NA
"sex2_e0.40_t_0.000",NA
"HR_q1.00_t_0.975",1.00679736557877
"MSE_q1.00_t_0.975",0.0148605024368713
"lower_q1.00_t_0.975",0.796778893908933
"upper_q1.00_t_0.975",1.27232415676478
"CI_width_q1.00_t_0.975",0.475545262855847
"CI_q1.00_t_0.975",0.942446043165468
"power_q1.00_t_0.975",0.026378896882494
"se_q1.00_t_0.975",NA
"age_q1.00_t_0.975",NA
"sex2_q1.00_t_0.975",NA
"HR_q1.25_t_0.975",1.01098123159767
"MSE_q1.25_t_0.975",0.0151011823835443
"lower_q1.25_t_0.975",0.800153567771452
"upper_q1.25_t_0.975",1.27751115361752
"CI_width_q1.25_t_0.975",0.477357585846069
"CI_q1.25_t_0.975",0.935251798561151
"power_q1.25_t_0.975",0.026378896882494
"se_q1.25_t_0.975",NA
"age_q1.25_t_0.975",NA
"sex2_q1.25_t_0.975",NA
"HR_q1.50_t_0.975",1.01371332043835
"MSE_q1.50_t_0.975",0.0153425153298751
"lower_q1.50_t_0.975",0.802353972936182
"upper_q1.50_t_0.975",1.28090335622888
"CI_width_q1.50_t_0.975",0.478549383292694
"CI_q1.50_t_0.975",0.935251798561151
"power_q1.50_t_0.975",0.026378896882494
"se_q1.50_t_0.975",NA
"age_q1.50_t_0.975",NA
"sex2_q1.50_t_0.975",NA
"HR_q2.00_t_0.975",1.01707001754531
"MSE_q2.00_t_0.975",0.015729122687952
"lower_q2.00_t_0.975",0.80505407813316
"upper_q2.00_t_0.975",1.28507626760534
"CI_width_q2.00_t_0.975",0.48002218947218
"CI_q2.00_t_0.975",0.935251798561151
"power_q2.00_t_0.975",0.026378896882494
"se_q2.00_t_0.975",NA
"age_q2.00_t_0.975",NA
"sex2_q2.00_t_0.975",NA
"HR_q3.00_t_0.975",1.02036696152558
"MSE_q3.00_t_0.975",0.0162048041848014
"lower_q3.00_t_0.975",0.807702668025698
"upper_q3.00_t_0.975",1.28918023049808
"CI_width_q3.00_t_0.975",0.481477562472381
"CI_q3.00_t_0.975",0.932853717026379
"power_q3.00_t_0.975",0.026378896882494
"se_q3.00_t_0.975",NA
"age_q3.00_t_0.975",NA
"sex2_q3.00_t_0.975",NA
"HR_q1.00_t_0.950",1.00621332173186
"MSE_q1.00_t_0.950",0.0141398712511973
"lower_q1.00_t_0.950",0.801222793016845
"upper_q1.00_t_0.950",1.26384066746388
"CI_width_q1.00_t_0.950",0.462617874447034
"CI_q1.00_t_0.950",0.947242206235012
"power_q1.00_t_0.950",0.0239808153477218
"se_q1.00_t_0.950",NA
"age_q1.00_t_0.950",NA
"sex2_q1.00_t_0.950",NA
"HR_q1.25_t_0.950",1.01412974596938
"MSE_q1.25_t_0.950",0.0145733915006655
"lower_q1.25_t_0.950",0.807636191678036
"upper_q1.25_t_0.950",1.27361187343289
"CI_width_q1.25_t_0.950",0.465975681754857
"CI_q1.25_t_0.950",0.937649880095923
"power_q1.25_t_0.950",0.0239808153477218
"se_q1.25_t_0.950",NA
"age_q1.25_t_0.950",NA
"sex2_q1.25_t_0.950",NA
"HR_q1.50_t_0.950",1.01927795882135
"MSE_q1.50_t_0.950",0.0150353416432898
"lower_q1.50_t_0.950",0.811800554198559
"upper_q1.50_t_0.950",1.27997617962426
"CI_width_q1.50_t_0.950",0.468175625425701
"CI_q1.50_t_0.950",0.937649880095923
"power_q1.50_t_0.950",0.0215827338129496
"se_q1.50_t_0.950",NA
"age_q1.50_t_0.950",NA
"sex2_q1.50_t_0.950",NA
"HR_q2.00_t_0.950",1.0255821511812
"MSE_q2.00_t_0.950",0.0157918208439508
"lower_q2.00_t_0.950",0.816893623501376
"upper_q2.00_t_0.950",1.28777934661208
"CI_width_q2.00_t_0.950",0.470885723110706
"CI_q2.00_t_0.950",0.932853717026379
"power_q2.00_t_0.950",0.0215827338129496
"se_q2.00_t_0.950",NA
"age_q2.00_t_0.950",NA
"sex2_q2.00_t_0.950",NA
"HR_q3.00_t_0.950",1.03175302518491
"MSE_q3.00_t_0.950",0.0167339225519466
"lower_q3.00_t_0.950",0.821872572584414
"upper_q3.00_t_0.950",1.29542739960683
"CI_width_q3.00_t_0.950",0.473554827022412
"CI_q3.00_t_0.950",0.925659472422062
"power_q3.00_t_0.950",0.0215827338129496
"se_q3.00_t_0.950",NA
"age_q3.00_t_0.950",NA
"sex2_q3.00_t_0.950",NA
"HR_q1.00_t_0.925",1.00722556620215
"MSE_q1.00_t_0.925",0.0137892100835114
"lower_q1.00_t_0.925",0.806982858058353
"upper_q1.00_t_0.925",1.25729589551178
"CI_width_q1.00_t_0.925",0.450313037453424
"CI_q1.00_t_0.925",0.952038369304556
"power_q1.00_t_0.925",0.0215827338129496
"se_q1.00_t_0.925",NA
"age_q1.00_t_0.925",NA
"sex2_q1.00_t_0.925",NA
"HR_q1.25_t_0.925",1.01967865585421
"MSE_q1.25_t_0.925",0.0145019405292897
"lower_q1.25_t_0.925",0.817105762820929
"upper_q1.25_t_0.925",1.27261393265212
"CI_width_q1.25_t_0.925",0.455508169831189
"CI_q1.25_t_0.925",0.932853717026379
"power_q1.25_t_0.925",0.0191846522781775
"se_q1.25_t_0.925",NA
"age_q1.25_t_0.925",NA
"sex2_q1.25_t_0.925",NA
"HR_q1.50_t_0.925",1.02773985489919
"MSE_q1.50_t_0.925",0.0152857448497419
"lower_q1.50_t_0.925",0.823648326913163
"upper_q1.50_t_0.925",1.28254551857928
"CI_width_q1.50_t_0.925",0.458897191666114
"CI_q1.50_t_0.925",0.925659472422062
"power_q1.50_t_0.925",0.0191846522781775
"se_q1.50_t_0.925",NA
"age_q1.50_t_0.925",NA
"sex2_q1.50_t_0.925",NA
"HR_q2.00_t_0.925",1.03757450997099
"MSE_q2.00_t_0.925",0.0165813117900523
"lower_q2.00_t_0.925",0.831620234315514
"upper_q2.00_t_0.925",1.29467750787914
"CI_width_q2.00_t_0.925",0.463057273563623
"CI_q2.00_t_0.925",0.92326139088729
"power_q2.00_t_0.925",0.0191846522781775
"se_q2.00_t_0.925",NA
"age_q2.00_t_0.925",NA
"sex2_q2.00_t_0.925",NA
"HR_q3.00_t_0.925",1.04716486148698
"MSE_q3.00_t_0.925",0.0182010747431502
"lower_q3.00_t_0.925",0.839384145453536
"upper_q3.00_t_0.925",1.30652350933899
"CI_width_q3.00_t_0.925",0.467139363885457
"CI_q3.00_t_0.925",0.916067146282974
"power_q3.00_t_0.925",0.0191846522781775
"se_q3.00_t_0.925",NA
"age_q3.00_t_0.925",NA
"sex2_q3.00_t_0.925",NA
"HR_q1.00_t_0.900",1.0083196639436
"MSE_q1.00_t_0.900",0.0133113301252727
"lower_q1.00_t_0.900",0.811113750293216
"upper_q1.00_t_0.900",1.2535430622122
"CI_width_q1.00_t_0.900",0.442429311918987
"CI_q1.00_t_0.900",0.952038369304556
"power_q1.00_t_0.900",0.0239808153477218
"se_q1.00_t_0.900",NA
"age_q1.00_t_0.900",NA
"sex2_q1.00_t_0.900",NA
"HR_q1.25_t_0.900",1.02361336959969
"MSE_q1.25_t_0.900",0.0141196035883775
"lower_q1.25_t_0.900",0.823572293319879
"upper_q1.25_t_0.900",1.27231488575148
"CI_width_q1.25_t_0.900",0.448742592431605
"CI_q1.25_t_0.900",0.935251798561151
"power_q1.25_t_0.900",0.0167865707434053
"se_q1.25_t_0.900",NA
"age_q1.25_t_0.900",NA
"sex2_q1.25_t_0.900",NA
"HR_q1.50_t_0.900",1.03348862639145
"MSE_q1.50_t_0.900",0.015061345915062
"lower_q1.50_t_0.900",0.831604511358598
"upper_q1.50_t_0.900",1.28445507940565
"CI_width_q1.50_t_0.900",0.452850568047055
"CI_q1.50_t_0.900",0.930455635491607
"power_q1.50_t_0.900",0.0167865707434053
"se_q1.50_t_0.900",NA
"age_q1.50_t_0.900",NA
"sex2_q1.50_t_0.900",NA
"HR_q2.00_t_0.900",1.04551179034318
"MSE_q2.00_t_0.900",0.0166474841789307
"lower_q2.00_t_0.900",0.841371792197513
"upper_q2.00_t_0.900",1.29925430585319
"CI_width_q2.00_t_0.900",0.457882513655676
"CI_q2.00_t_0.900",0.92326139088729
"power_q2.00_t_0.900",0.0167865707434053
"se_q2.00_t_0.900",NA
"age_q2.00_t_0.900",NA
"sex2_q2.00_t_0.900",NA
"HR_q3.00_t_0.900",1.05721144407387
"MSE_q3.00_t_0.900",0.0186506691198885
"lower_q3.00_t_0.900",0.850864416338915
"upper_q3.00_t_0.900",1.31367361092243
"CI_width_q3.00_t_0.900",0.462809194583517
"CI_q3.00_t_0.900",0.913669064748201
"power_q3.00_t_0.900",0.0167865707434053
"se_q3.00_t_0.900",NA
"age_q3.00_t_0.900",NA
"sex2_q3.00_t_0.900",NA
"HR_q1.00_t_0.000",1.00996293123765
"MSE_q1.00_t_0.000",0.0128002187437256
"lower_q1.00_t_0.000",0.814611031193599
"upper_q1.00_t_0.000",1.25216524588165
"CI_width_q1.00_t_0.000",0.437554214688048
"CI_q1.00_t_0.000",0.956834532374101
"power_q1.00_t_0.000",0.0191846522781775
"se_q1.00_t_0.000",NA
"age_q1.00_t_0.000",NA
"sex2_q1.00_t_0.000",NA
"HR_q1.25_t_0.000",1.02769486796656
"MSE_q1.25_t_0.000",0.0135212056846929
"lower_q1.25_t_0.000",0.829083946210308
"upper_q1.25_t_0.000",1.27388676009391
"CI_width_q1.25_t_0.000",0.444802813883601
"CI_q1.25_t_0.000",0.942446043165468
"power_q1.25_t_0.000",0.00959232613908873
"se_q1.25_t_0.000",NA
"age_q1.25_t_0.000",NA
"sex2_q1.25_t_0.000",NA
"HR_q1.50_t_0.000",1.03911926048531
"MSE_q1.50_t_0.000",0.0144898814152577
"lower_q1.50_t_0.000",0.838394836094774
"upper_q1.50_t_0.000",1.28790287212157
"CI_width_q1.50_t_0.000",0.449508036026797
"CI_q1.50_t_0.000",0.935251798561151
"power_q1.50_t_0.000",0.00959232613908873
"se_q1.50_t_0.000",NA
"age_q1.50_t_0.000",NA
"sex2_q1.50_t_0.000",NA
"HR_q2.00_t_0.000",1.05300188256859
"MSE_q2.00_t_0.000",0.0161932692261531
"lower_q2.00_t_0.000",0.849695865990769
"upper_q2.00_t_0.000",1.30495546958343
"CI_width_q2.00_t_0.000",0.455259603592665
"CI_q2.00_t_0.000",0.928057553956835
"power_q2.00_t_0.000",0.00959232613908873
"se_q2.00_t_0.000",NA
"age_q2.00_t_0.000",NA
"sex2_q2.00_t_0.000",NA
"HR_q3.00_t_0.000",1.06648310312173
"MSE_q3.00_t_0.000",0.0183961451124353
"lower_q3.00_t_0.000",0.860656996941524
"upper_q3.00_t_0.000",1.32153530949796
"CI_width_q3.00_t_0.000",0.460878312556438
"CI_q3.00_t_0.000",0.916067146282974
"power_q3.00_t_0.000",0.00959232613908873
"se_q3.00_t_0.000",NA
"age_q3.00_t_0.000",NA
"sex2_q3.00_t_0.000",NA
